order_id,unit_id,channel,order_lines
ORD-5001,UNIT-5001,shopify,MUG-BLUE:1;NOTEBOOK-A5-BLACK:1
ORD-5002,UNIT-5002,amazon_mfn,CHARGER-65W:1;PEN-PACK:2
ORD-5003,UNIT-5003,walmart,BOTTLE-WATER-SILVER:1;SOCKS-PAIR:2
ORD-5004,UNIT-5004,3pl_client,CREAM-TUBE:1;KEYCHAIN-METAL:1
ORD-5005,UNIT-5005,shopify,HEADPHONES-CASE:1;STICKER-PACK:1
ORD-5006,UNIT-5006,amazon_mfn,NOTEBOOK-A5-NAVY:1;PEN-PACK:1
ORD-5007,UNIT-5007,walmart,BOTTLE-WATER-WHITE:1;MUG-BLUE:2
ORD-5008,UNIT-5008,shopify,SOCKS-PAIR:1;CREAM-TUBE:2
ORD-5009,UNIT-5009,3pl_client,CHARGER-65W:2
ORD-5010,UNIT-5010,amazon_mfn,KEYCHAIN-METAL:2;HEADPHONES-CASE:1
